N,implementation,speedup
10,cython,1.427842050947803
10,original,1.0
10,pure,0.04071038759113688
10,pytorch,0.03529182748783353
100,cython,1.4649580090670686
100,original,1.0
100,pure,0.012312670807298224
100,pytorch,0.11278920728756589
500,cython,0.1540763626939138
500,original,1.0
500,pure,0.011188411864227178
500,pytorch,0.082883894053784
